stopID,stopQueryTime,count,Direction,Destination,Time,AVLS,Tram,Action,Msg Sent,Msg Received,Msg Processed,XML ID,Total Lag,Create Lag,Process Lag
58,1571245680926,0,,,,,,,,,,,,,
23,1571245680948,1,Outbound,Tallaght,00:10:45,00:11:25,3018,d,16/10/2019 18:07:54,16/10/2019 18:07:54,16/10/2019 18:07:54,28589,0.4258762,0.1602712,0.265605
57,1571245680968,2,Outbound,Saggart,00:11:51,00:12:31,4004,d,16/10/2019 18:07:54,16/10/2019 18:07:54,16/10/2019 18:07:54,28589,0.6769213,0.1758777,0.5010436
57,1571245680968,2,Outbound,Tallaght,00:12:20,00:13:00,3002,d,16/10/2019 18:07:54,16/10/2019 18:07:54,16/10/2019 18:07:54,28588,0.1133842,0.0508791,0.0625051
37,1571245680988,3,Inbound,Parnell,00:07:19,00:07:59,5003,a,16/10/2019 18:07:54,16/10/2019 18:07:54,16/10/2019 18:07:54,28590,0.8956734,0.2071265,0.6885469
37,1571245680988,3,Outbound,Bride's Glen,00:03:13,00:03:53,5023,a,16/10/2019 18:07:54,16/10/2019 18:07:54,16/10/2019 18:07:55,28591,1.3019185,0.2696249,1.0322936
37,1571245680988,3,Outbound,Bride's Glen,00:07:42,00:08:22,5012,a,16/10/2019 18:07:54,16/10/2019 18:07:54,16/10/2019 18:07:55,28591,1.098796,0.2540018,0.8447942
1,1571245681001,5,Inbound,Connolly,00:01:27,00:02:07,4011,d,16/10/2019 18:07:54,16/10/2019 18:07:54,16/10/2019 18:07:54,28590,0.8019312,0.2071265,0.5948047
1,1571245681001,5,Inbound,The Point,00:14:51,00:15:31,3017,d,16/10/2019 18:07:54,16/10/2019 18:07:54,16/10/2019 18:07:54,28588,0.3946273,0.0668221,0.3278052
1,1571245681001,5,Terminating,Tallaght,00:04:51,00:05:31,3017,a,16/10/2019 18:07:54,16/10/2019 18:07:54,16/10/2019 18:07:54,28588,0.3946273,0.0668221,0.3278052
1,1571245681001,5,Terminating,Tallaght,00:10:20,00:11:00,4009,a,16/10/2019 18:07:56,16/10/2019 18:07:57,16/10/2019 18:07:57,28592,1.3956853,1.1144246,0.2812607
1,1571245681001,5,Terminating,Tallaght,00:17:18,00:17:58,4010,a,16/10/2019 18:07:54,16/10/2019 18:07:54,16/10/2019 18:07:54,28590,0.8019312,0.2071265,0.5948047
3,1571245681009,5,Inbound,Connolly,00:03:44,00:04:24,4011,a,16/10/2019 18:07:54,16/10/2019 18:07:54,16/10/2019 18:07:54,28590,0.8019312,0.2071265,0.5948047
3,1571245681009,5,Inbound,The Point,00:17:46,00:18:26,3017,a,16/10/2019 18:07:54,16/10/2019 18:07:54,16/10/2019 18:07:54,28589,0.3946273,0.1602712,0.2343561
3,1571245681009,5,Outbound,Tallaght,00:01:10,00:01:50,3017,a,16/10/2019 18:07:54,16/10/2019 18:07:54,16/10/2019 18:07:54,28588,0.378999,0.0668221,0.3121769
3,1571245681009,5,Outbound,Tallaght,00:06:39,00:07:19,4009,a,16/10/2019 18:07:56,16/10/2019 18:07:57,16/10/2019 18:07:57,28592,1.3800526,1.1144246,0.265628
3,1571245681009,5,Outbound,Tallaght,00:13:37,00:14:17,4010,a,16/10/2019 18:07:54,16/10/2019 18:07:54,16/10/2019 18:07:54,28590,0.7862967,0.2071265,0.5791702
48,1571245681015,3,Inbound,Parnell,00:05:27,00:06:07,5030,d,16/10/2019 18:07:56,16/10/2019 18:07:57,16/10/2019 18:07:57,28592,1.2550494,1.1144246,0.1406248
48,1571245681015,3,Inbound,Broombridge,00:11:27,00:12:07,5002,d,16/10/2019 18:07:54,16/10/2019 18:07:54,16/10/2019 18:07:54,28590,0.8644276,0.2071265,0.6573011
48,1571245681015,3,Inbound,Parnell,00:17:27,00:18:07,5027,d,16/10/2019 18:07:56,16/10/2019 18:07:57,16/10/2019 18:07:57,28592,1.1925709,1.1144246,0.0781463
42,1571245681019,5,Inbound,Parnell,00:00:23,00:01:03,5003,a,16/10/2019 18:07:54,16/10/2019 18:07:54,16/10/2019 18:07:54,28590,0.8800451,0.2071265,0.6729186
42,1571245681019,5,Inbound,Parnell,00:14:07,00:14:47,5030,a,16/10/2019 18:07:56,16/10/2019 18:07:57,16/10/2019 18:07:57,28592,1.2706749,1.1144246,0.1562503
42,1571245681019,5,Outbound,Bride's Glen,00:05:07,00:05:47,5027,a,16/10/2019 18:07:56,16/10/2019 18:07:57,16/10/2019 18:07:57,28592,1.1613007,1.1144246,0.0468761
42,1571245681019,5,Outbound,Bride's Glen,00:10:02,00:10:42,5023,a,16/10/2019 18:07:54,16/10/2019 18:07:54,16/10/2019 18:07:55,28591,1.3175467,0.2696249,1.0479218
42,1571245681019,5,Outbound,Bride's Glen,00:14:31,00:15:11,5012,a,16/10/2019 18:07:54,16/10/2019 18:07:54,16/10/2019 18:07:55,28591,1.098796,0.2540018,0.8447942
46,1571245681025,5,Inbound,Parnell,00:08:36,00:09:16,5030,a,16/10/2019 18:07:56,16/10/2019 18:07:57,16/10/2019 18:07:57,28592,1.2550494,1.1144246,0.1406248
46,1571245681025,5,Inbound,Broombridge,00:14:36,00:15:16,5002,a,16/10/2019 18:07:54,16/10/2019 18:07:54,16/10/2019 18:07:54,28590,0.8644276,0.2071265,0.6573011
46,1571245681025,5,Outbound,Bride's Glen,00:02:05,00:02:45,5002,a,16/10/2019 18:07:54,16/10/2019 18:07:54,16/10/2019 18:07:54,28590,0.8487961,0.2071265,0.6416696
46,1571245681025,5,Outbound,Bride's Glen,00:10:36,00:11:16,5027,a,16/10/2019 18:07:56,16/10/2019 18:07:57,16/10/2019 18:07:57,28592,1.1769244,1.1144246,0.0624998
46,1571245681025,5,Outbound,Bride's Glen,00:15:31,00:16:11,5023,a,16/10/2019 18:07:54,16/10/2019 18:07:54,16/10/2019 18:07:55,28591,1.3331717,0.2696249,1.0635468
43,1571245681029,5,Inbound,Parnell,00:12:31,00:13:11,5030,a,16/10/2019 18:07:56,16/10/2019 18:07:57,16/10/2019 18:07:57,28592,1.2706749,1.1144246,0.1562503
43,1571245681029,5,Inbound,Broombridge,00:18:31,00:19:11,5002,a,16/10/2019 18:07:54,16/10/2019 18:07:54,16/10/2019 18:07:54,28590,0.8800451,0.2071265,0.6729186
43,1571245681029,5,Outbound,Bride's Glen,00:06:40,00:07:20,5027,a,16/10/2019 18:07:56,16/10/2019 18:07:57,16/10/2019 18:07:57,28592,1.1769244,1.1144246,0.0624998
43,1571245681029,5,Outbound,Bride's Glen,00:11:35,00:12:15,5023,a,16/10/2019 18:07:54,16/10/2019 18:07:54,16/10/2019 18:07:55,28591,1.3175467,0.2696249,1.0479218
43,1571245681029,5,Outbound,Bride's Glen,00:16:04,00:16:44,5012,a,16/10/2019 18:07:54,16/10/2019 18:07:54,16/10/2019 18:07:55,28591,1.1144226,0.2540018,0.8604208
40,1571245681034,5,Inbound,Parnell,00:02:34,00:03:14,5003,a,16/10/2019 18:07:54,16/10/2019 18:07:54,16/10/2019 18:07:54,28590,0.8800451,0.2071265,0.6729186
40,1571245681034,5,Inbound,Parnell,00:16:18,00:16:58,5030,a,16/10/2019 18:07:56,16/10/2019 18:07:57,16/10/2019 18:07:57,28592,1.2863013,1.1144246,0.1718767
40,1571245681034,5,Outbound,Bride's Glen,00:02:59,00:03:39,5027,a,16/10/2019 18:07:56,16/10/2019 18:07:57,16/10/2019 18:07:57,28592,1.1613007,1.1144246,0.0468761
40,1571245681034,5,Outbound,Bride's Glen,00:07:54,00:08:34,5023,a,16/10/2019 18:07:54,16/10/2019 18:07:54,16/10/2019 18:07:55,28591,1.3175467,0.2696249,1.0479218
40,1571245681034,5,Outbound,Bride's Glen,00:12:23,00:13:03,5012,a,16/10/2019 18:07:54,16/10/2019 18:07:54,16/10/2019 18:07:55,28591,1.098796,0.2540018,0.8447942
53,1571245681039,4,Inbound,The Point,00:04:53,00:05:33,3011,d,16/10/2019 18:07:54,16/10/2019 18:07:54,16/10/2019 18:07:54,28588,0.1915011,0.0668221,0.124679
53,1571245681039,4,Inbound,Connolly,00:16:29,00:17:09,3014,d,16/10/2019 18:07:54,16/10/2019 18:07:54,16/10/2019 18:07:54,28588,0.3008759,0.0668221,0.2340538
53,1571245681039,4,Terminating,Saggart,00:07:29,00:08:09,3014,a,16/10/2019 18:07:54,16/10/2019 18:07:54,16/10/2019 18:07:54,28588,0.3008759,0.0668221,0.2340538
53,1571245681039,4,Terminating,Saggart,00:11:16,00:11:56,3019,a,16/10/2019 18:07:54,16/10/2019 18:07:54,16/10/2019 18:07:54,28589,0.4415011,0.1602712,0.2812299
50,1571245681041,4,Inbound,The Point,00:09:59,00:10:39,3011,a,16/10/2019 18:07:54,16/10/2019 18:07:54,16/10/2019 18:07:54,28588,0.1915011,0.0668221,0.124679
50,1571245681041,4,Outbound,Saggart,00:02:12,00:02:52,3014,a,16/10/2019 18:07:54,16/10/2019 18:07:54,16/10/2019 18:07:54,28588,0.2852508,0.0668221,0.2184287
50,1571245681041,4,Outbound,Saggart,00:05:59,00:06:39,3019,a,16/10/2019 18:07:54,16/10/2019 18:07:54,16/10/2019 18:07:54,28589,0.4415011,0.1602712,0.2812299
50,1571245681041,4,Outbound,Saggart,00:14:31,00:15:11,3023,a,16/10/2019 18:07:54,16/10/2019 18:07:54,16/10/2019 18:07:54,28589,0.5196273,0.1602712,0.3593561
38,1571245681044,4,Inbound,Parnell,00:05:49,00:06:29,5003,a,16/10/2019 18:07:54,16/10/2019 18:07:54,16/10/2019 18:07:54,28590,0.8956734,0.2071265,0.6885469
38,1571245681044,4,Outbound,Bride's Glen,00:00:00,00:00:26,5027,a,16/10/2019 18:07:56,16/10/2019 18:07:57,16/10/2019 18:07:57,28592,1.1613007,1.1144246,0.0468761
38,1571245681044,4,Outbound,Bride's Glen,00:04:41,00:05:21,5023,a,16/10/2019 18:07:54,16/10/2019 18:07:54,16/10/2019 18:07:55,28591,1.3019185,0.2696249,1.0322936
38,1571245681044,4,Outbound,Bride's Glen,00:09:10,00:09:50,5012,a,16/10/2019 18:07:54,16/10/2019 18:07:54,16/10/2019 18:07:55,28591,1.098796,0.2540018,0.8447942
52,1571245681051,5,Inbound,The Point,00:07:03,00:07:43,3011,a,16/10/2019 18:07:54,16/10/2019 18:07:54,16/10/2019 18:07:54,28588,0.1915011,0.0668221,0.124679
52,1571245681051,5,Inbound,Connolly,00:18:44,00:19:24,3014,a,16/10/2019 18:07:54,16/10/2019 18:07:54,16/10/2019 18:07:54,28588,0.3008759,0.0668221,0.2340538
52,1571245681051,5,Outbound,Saggart,00:05:16,00:05:56,3014,a,16/10/2019 18:07:54,16/10/2019 18:07:54,16/10/2019 18:07:54,28588,0.3008759,0.0668221,0.2340538
52,1571245681051,5,Outbound,Saggart,00:09:03,00:09:43,3019,a,16/10/2019 18:07:54,16/10/2019 18:07:54,16/10/2019 18:07:54,28589,0.4415011,0.1602712,0.2812299
52,1571245681051,5,Outbound,Saggart,00:17:35,00:18:15,3023,a,16/10/2019 18:07:54,16/10/2019 18:07:54,16/10/2019 18:07:54,28589,0.5196273,0.1758777,0.3437496
2,1571245681057,5,Inbound,Connolly,00:02:25,00:03:05,4011,a,16/10/2019 18:07:54,16/10/2019 18:07:54,16/10/2019 18:07:54,28590,0.8019312,0.2071265,0.5948047
2,1571245681057,5,Inbound,The Point,00:16:05,00:16:45,3017,a,16/10/2019 18:07:54,16/10/2019 18:07:54,16/10/2019 18:07:54,28588,0.3946273,0.0668221,0.3278052
2,1571245681057,5,Outbound,Tallaght,00:02:45,00:03:25,3017,a,16/10/2019 18:07:54,16/10/2019 18:07:54,16/10/2019 18:07:54,28588,0.3946273,0.0668221,0.3278052
2,1571245681057,5,Outbound,Tallaght,00:08:14,00:08:54,4009,a,16/10/2019 18:07:56,16/10/2019 18:07:57,16/10/2019 18:07:57,28592,1.3956853,1.1144246,0.2812607
2,1571245681057,5,Outbound,Tallaght,00:15:12,00:15:52,4010,a,16/10/2019 18:07:54,16/10/2019 18:07:54,16/10/2019 18:07:54,28590,0.7862967,0.2071265,0.5791702
51,1571245681060,4,Inbound,The Point,00:08:16,00:08:56,3011,a,16/10/2019 18:07:54,16/10/2019 18:07:54,16/10/2019 18:07:54,28588,0.1915011,0.0668221,0.124679
51,1571245681060,4,Outbound,Saggart,00:03:59,00:04:39,3014,a,16/10/2019 18:07:54,16/10/2019 18:07:54,16/10/2019 18:07:54,28588,0.2852508,0.0668221,0.2184287
51,1571245681060,4,Outbound,Saggart,00:07:46,00:08:26,3019,a,16/10/2019 18:07:54,16/10/2019 18:07:54,16/10/2019 18:07:54,28589,0.4415011,0.1602712,0.2812299
51,1571245681060,4,Outbound,Saggart,00:16:18,00:16:58,3023,a,16/10/2019 18:07:54,16/10/2019 18:07:54,16/10/2019 18:07:54,28589,0.5196273,0.1758777,0.3437496
49,1571245681093,5,Inbound,The Point,00:00:00,00:00:00,4013,a,16/10/2019 18:07:37,16/10/2019 18:07:37,16/10/2019 18:07:37,28578,0.331232,0.0968569,0.2343751
49,1571245681093,5,Inbound,The Point,00:11:43,00:12:23,3011,a,16/10/2019 18:07:54,16/10/2019 18:07:54,16/10/2019 18:07:54,28588,0.2071265,0.0668221,0.1403044
49,1571245681093,5,Outbound,Saggart,00:00:26,00:01:06,3014,a,16/10/2019 18:07:54,16/10/2019 18:07:54,16/10/2019 18:07:54,28588,0.2852508,0.0668221,0.2184287
49,1571245681093,5,Outbound,Saggart,00:04:13,00:04:53,3019,a,16/10/2019 18:07:54,16/10/2019 18:07:54,16/10/2019 18:07:54,28589,0.4415011,0.1602712,0.2812299
49,1571245681093,5,Outbound,Saggart,00:12:45,00:13:25,3023,a,16/10/2019 18:07:54,16/10/2019 18:07:54,16/10/2019 18:07:54,28589,0.5040013,0.1602712,0.3437301
45,1571245681098,6,Inbound,Parnell,00:09:58,00:10:38,5030,a,16/10/2019 18:07:56,16/10/2019 18:07:57,16/10/2019 18:07:57,28592,1.2706749,1.1144246,0.1562503
45,1571245681098,6,Inbound,Broombridge,00:15:58,00:16:38,5002,a,16/10/2019 18:07:54,16/10/2019 18:07:54,16/10/2019 18:07:54,28590,0.8644276,0.2071265,0.6573011
45,1571245681098,6,Outbound,Bride's Glen,00:00:42,00:01:22,5002,a,16/10/2019 18:07:54,16/10/2019 18:07:54,16/10/2019 18:07:54,28590,0.8487961,0.2071265,0.6416696
45,1571245681098,6,Outbound,Bride's Glen,00:09:13,00:09:53,5027,a,16/10/2019 18:07:56,16/10/2019 18:07:57,16/10/2019 18:07:57,28592,1.1769244,1.1144246,0.0624998
45,1571245681098,6,Outbound,Bride's Glen,00:14:08,00:14:48,5023,a,16/10/2019 18:07:54,16/10/2019 18:07:54,16/10/2019 18:07:55,28591,1.3331717,0.2696249,1.0635468
45,1571245681098,6,Outbound,Bride's Glen,00:18:37,00:19:17,5012,a,16/10/2019 18:07:54,16/10/2019 18:07:54,16/10/2019 18:07:55,28591,1.1144226,0.2540018,0.8604208
10,1571245681102,7,Inbound,The Point,00:06:36,00:07:16,3012,a,16/10/2019 18:07:54,16/10/2019 18:07:54,16/10/2019 18:07:54,28588,0.222759,0.0668221,0.1559369
10,1571245681102,7,Inbound,Connolly,00:08:32,00:09:12,3015,a,16/10/2019 18:07:54,16/10/2019 18:07:54,16/10/2019 18:07:54,28588,0.3165018,0.0668221,0.2496797
10,1571245681102,7,Inbound,The Point,00:12:12,00:12:52,3016,a,16/10/2019 18:07:54,16/10/2019 18:07:54,16/10/2019 18:07:54,28588,0.3633803,0.0668221,0.2965582
10,1571245681102,7,Inbound,The Point,00:17:52,00:18:32,4013,a,16/10/2019 18:07:54,16/10/2019 18:07:54,16/10/2019 18:07:54,28590,0.8331775,0.2071265,0.626051
10,1571245681102,7,Outbound,Saggart,00:05:54,00:06:34,3008,a,16/10/2019 18:07:54,16/10/2019 18:07:54,16/10/2019 18:07:54,28588,0.1290018,0.0508791,0.0781227
10,1571245681102,7,Outbound,Tallaght,00:08:43,00:09:23,3009,a,16/10/2019 18:07:54,16/10/2019 18:07:54,16/10/2019 18:07:54,28588,0.1758777,0.0668221,0.1090556
10,1571245681102,7,Outbound,Saggart,00:17:00,00:17:40,3026,a,16/10/2019 18:07:54,16/10/2019 18:07:54,16/10/2019 18:07:54,28589,0.567154,0.1758777,0.3912763
4,1571245681106,7,Inbound,The Point,00:03:11,00:03:51,4013,a,16/10/2019 18:07:54,16/10/2019 18:07:54,16/10/2019 18:07:54,28590,0.8175664,0.2071265,0.6104399
4,1571245681106,7,Inbound,Connolly,00:06:09,00:06:49,4011,a,16/10/2019 18:07:54,16/10/2019 18:07:54,16/10/2019 18:07:54,28590,0.8019312,0.2071265,0.5948047
4,1571245681106,7,Inbound,The Point,00:15:53,00:16:33,3011,a,16/10/2019 18:07:54,16/10/2019 18:07:54,16/10/2019 18:07:54,28588,0.2071265,0.0668221,0.1403044
4,1571245681106,7,Outbound,Saggart,00:00:16,00:00:56,3019,a,16/10/2019 18:07:54,16/10/2019 18:07:54,16/10/2019 18:07:54,28589,0.4258762,0.1602712,0.265605
4,1571245681106,7,Outbound,Tallaght,00:04:20,00:05:00,4009,a,16/10/2019 18:07:56,16/10/2019 18:07:57,16/10/2019 18:07:57,28592,1.3800526,1.1144246,0.265628
4,1571245681106,7,Outbound,Saggart,00:08:48,00:09:28,3023,a,16/10/2019 18:07:54,16/10/2019 18:07:54,16/10/2019 18:07:54,28589,0.5040013,0.1602712,0.3437301
4,1571245681106,7,Outbound,Tallaght,00:11:18,00:11:58,4010,a,16/10/2019 18:07:54,16/10/2019 18:07:54,16/10/2019 18:07:54,28590,0.7862967,0.2071265,0.5791702
39,1571245681109,5,Inbound,Parnell,00:04:04,00:04:44,5003,a,16/10/2019 18:07:54,16/10/2019 18:07:54,16/10/2019 18:07:54,28590,0.8800451,0.2071265,0.6729186
39,1571245681109,5,Inbound,Parnell,00:17:48,00:18:28,5030,a,16/10/2019 18:07:56,16/10/2019 18:07:57,16/10/2019 18:07:57,28592,1.2863013,1.1144246,0.1718767
39,1571245681109,5,Outbound,Bride's Glen,00:01:31,00:02:11,5027,a,16/10/2019 18:07:56,16/10/2019 18:07:57,16/10/2019 18:07:57,28592,1.1613007,1.1144246,0.0468761
39,1571245681109,5,Outbound,Bride's Glen,00:06:26,00:07:06,5023,a,16/10/2019 18:07:54,16/10/2019 18:07:54,16/10/2019 18:07:55,28591,1.3019185,0.2696249,1.0322936
39,1571245681109,5,Outbound,Bride's Glen,00:10:55,00:11:35,5012,a,16/10/2019 18:07:54,16/10/2019 18:07:54,16/10/2019 18:07:55,28591,1.098796,0.2540018,0.8447942
36,1571245681119,8,Inbound,Broombridge,00:00:08,00:00:48,5011,a,16/10/2019 18:07:54,16/10/2019 18:07:54,16/10/2019 18:07:55,28590,1.0519222,0.2071265,0.8447957
36,1571245681119,8,Inbound,Parnell,00:03:27,00:04:07,5010,d,16/10/2019 18:07:54,16/10/2019 18:07:54,16/10/2019 18:07:55,28590,1.0206744,0.2071265,0.8135479
36,1571245681119,8,Inbound,Broombridge,00:08:21,00:09:01,5025,d,16/10/2019 18:07:59,16/10/2019 18:07:59,16/10/2019 18:07:59,28593,0.9738109,0.9112959,0.062515
36,1571245681119,8,Inbound,Parnell,00:09:43,00:10:23,5003,a,16/10/2019 18:07:54,16/10/2019 18:07:54,16/10/2019 18:07:54,28590,0.8956734,0.2071265,0.6885469
36,1571245681119,8,Inbound,Broombridge,00:18:27,00:19:07,5006,d,16/10/2019 18:07:54,16/10/2019 18:07:54,16/10/2019 18:07:54,28590,0.9581722,0.2071265,0.7510457
36,1571245681119,8,Outbound,Bride's Glen,00:00:40,00:01:20,5023,a,16/10/2019 18:07:54,16/10/2019 18:07:54,16/10/2019 18:07:55,28591,1.3019185,0.2696249,1.0322936
36,1571245681119,8,Outbound,Bride's Glen,00:05:09,00:05:49,5012,a,16/10/2019 18:07:54,16/10/2019 18:07:54,16/10/2019 18:07:55,28591,1.0831789,0.2540018,0.8291771
36,1571245681119,8,Outbound,Bride's Glen,00:17:38,00:18:18,5019,a,16/10/2019 18:07:54,16/10/2019 18:07:54,16/10/2019 18:07:55,28591,1.2237991,0.2696249,0.9541742
9,1571245681122,7,Inbound,The Point,00:05:17,00:05:57,3012,a,16/10/2019 18:07:54,16/10/2019 18:07:54,16/10/2019 18:07:54,28588,0.222759,0.0668221,0.1559369
9,1571245681122,7,Inbound,Connolly,00:07:13,00:07:53,3015,a,16/10/2019 18:07:54,16/10/2019 18:07:54,16/10/2019 18:07:54,28588,0.3165018,0.0668221,0.2496797
9,1571245681122,7,Inbound,The Point,00:10:53,00:11:33,3016,a,16/10/2019 18:07:54,16/10/2019 18:07:54,16/10/2019 18:07:54,28588,0.3633803,0.0668221,0.2965582
9,1571245681122,7,Inbound,The Point,00:16:33,00:17:13,4013,a,16/10/2019 18:07:54,16/10/2019 18:07:54,16/10/2019 18:07:54,28590,0.8331775,0.2071265,0.626051
9,1571245681122,7,Outbound,Saggart,00:07:10,00:07:50,3008,a,16/10/2019 18:07:54,16/10/2019 18:07:54,16/10/2019 18:07:54,28588,0.1446263,0.0508791,0.0937472
9,1571245681122,7,Outbound,Tallaght,00:09:59,00:10:39,3009,a,16/10/2019 18:07:54,16/10/2019 18:07:54,16/10/2019 18:07:54,28588,0.1758777,0.0668221,0.1090556
9,1571245681122,7,Outbound,Saggart,00:18:16,00:18:56,3026,a,16/10/2019 18:07:54,16/10/2019 18:07:54,16/10/2019 18:07:54,28589,0.567154,0.1758777,0.3912763
6,1571245681126,8,Inbound,The Point,00:02:31,00:03:11,3016,a,16/10/2019 18:07:54,16/10/2019 18:07:54,16/10/2019 18:07:54,28588,0.3477869,0.0668221,0.2809648
6,1571245681126,8,Inbound,The Point,00:08:11,00:08:51,4013,a,16/10/2019 18:07:54,16/10/2019 18:07:54,16/10/2019 18:07:54,28590,0.8175664,0.2071265,0.6104399
6,1571245681126,8,Inbound,Connolly,00:12:27,00:13:07,4011,a,16/10/2019 18:07:54,16/10/2019 18:07:54,16/10/2019 18:07:54,28590,0.8175664,0.2071265,0.6104399
6,1571245681126,8,Outbound,Tallaght,00:00:00,00:00:00,4009,a,16/10/2019 18:07:56,16/10/2019 18:07:57,16/10/2019 18:07:57,28592,1.3800526,1.1144246,0.265628
6,1571245681126,8,Outbound,Saggart,00:03:48,00:04:28,3023,a,16/10/2019 18:07:54,16/10/2019 18:07:54,16/10/2019 18:07:54,28589,0.5040013,0.1602712,0.3437301
6,1571245681126,8,Outbound,Tallaght,00:06:18,00:06:58,4010,a,16/10/2019 18:07:54,16/10/2019 18:07:54,16/10/2019 18:07:54,28590,0.7862967,0.2071265,0.5791702
6,1571245681126,8,Outbound,Saggart,00:15:02,00:15:42,3008,a,16/10/2019 18:07:54,16/10/2019 18:07:54,16/10/2019 18:07:54,28588,0.1446263,0.0668221,0.0778042
6,1571245681126,8,Outbound,Tallaght,00:17:51,00:18:31,3009,a,16/10/2019 18:07:54,16/10/2019 18:07:54,16/10/2019 18:07:54,28588,0.1915011,0.0668221,0.124679
56,1571245681130,6,Inbound,The Point,00:08:19,00:08:59,4004,a,16/10/2019 18:07:54,16/10/2019 18:07:54,16/10/2019 18:07:54,28589,0.6612849,0.1758777,0.4854072
56,1571245681130,6,Inbound,The Point,00:08:48,00:09:28,3002,a,16/10/2019 18:07:54,16/10/2019 18:07:54,16/10/2019 18:07:54,28588,0.0977528,0.0508791,0.0468737
56,1571245681130,6,Inbound,The Point,00:14:39,00:15:19,3025,a,16/10/2019 18:07:54,16/10/2019 18:07:54,16/10/2019 18:07:54,28589,0.5352524,0.1758777,0.3593747
56,1571245681130,6,Outbound,Saggart,00:00:00,00:00:07,3013,a,16/10/2019 18:07:54,16/10/2019 18:07:54,16/10/2019 18:07:54,28588,0.2540018,0.0668221,0.1871797
56,1571245681130,6,Outbound,Saggart,00:12:30,00:13:10,4004,a,16/10/2019 18:07:54,16/10/2019 18:07:54,16/10/2019 18:07:54,28589,0.6769213,0.1758777,0.5010436
56,1571245681130,6,Outbound,Tallaght,00:12:59,00:13:39,3002,a,16/10/2019 18:07:54,16/10/2019 18:07:54,16/10/2019 18:07:54,28588,0.1133842,0.0508791,0.0625051
44,1571245681132,6,Inbound,Parnell,00:11:27,00:12:07,5030,a,16/10/2019 18:07:56,16/10/2019 18:07:57,16/10/2019 18:07:57,28592,1.2706749,1.1144246,0.1562503
44,1571245681132,6,Inbound,Broombridge,00:17:27,00:18:07,5002,a,16/10/2019 18:07:54,16/10/2019 18:07:54,16/10/2019 18:07:54,28590,0.8644276,0.2071265,0.6573011
44,1571245681132,6,Outbound,Bride's Glen,00:00:00,00:00:00,5002,a,16/10/2019 18:07:50,16/10/2019 18:07:49,16/10/2019 18:07:50,28586,0.0508892,-0.0116185,0.0625077
44,1571245681132,6,Outbound,Bride's Glen,00:07:45,00:08:25,5027,a,16/10/2019 18:07:56,16/10/2019 18:07:57,16/10/2019 18:07:57,28592,1.1769244,1.1144246,0.0624998
44,1571245681132,6,Outbound,Bride's Glen,00:12:40,00:13:20,5023,a,16/10/2019 18:07:54,16/10/2019 18:07:54,16/10/2019 18:07:55,28591,1.3175467,0.2696249,1.0479218
44,1571245681132,6,Outbound,Bride's Glen,00:17:09,00:17:49,5012,a,16/10/2019 18:07:54,16/10/2019 18:07:54,16/10/2019 18:07:55,28591,1.1144226,0.2540018,0.8604208
47,1571245681138,6,Inbound,Parnell,00:06:35,00:07:15,5030,a,16/10/2019 18:07:56,16/10/2019 18:07:57,16/10/2019 18:07:57,28592,1.2550494,1.1144246,0.1406248
47,1571245681138,6,Inbound,Broombridge,00:12:35,00:13:15,5002,a,16/10/2019 18:07:54,16/10/2019 18:07:54,16/10/2019 18:07:54,28590,0.8644276,0.2071265,0.6573011
47,1571245681138,6,Inbound,Parnell,00:18:35,00:19:15,5027,a,16/10/2019 18:07:56,16/10/2019 18:07:57,16/10/2019 18:07:57,28592,1.1925709,1.1144246,0.0781463
47,1571245681138,6,Outbound,Bride's Glen,00:04:02,00:04:42,5002,a,16/10/2019 18:07:54,16/10/2019 18:07:54,16/10/2019 18:07:54,28590,0.8487961,0.2071265,0.6416696
47,1571245681138,6,Outbound,Bride's Glen,00:12:33,00:13:13,5027,a,16/10/2019 18:07:56,16/10/2019 18:07:57,16/10/2019 18:07:57,28592,1.1769244,1.1144246,0.0624998
47,1571245681138,6,Outbound,Bride's Glen,00:17:28,00:18:08,5023,a,16/10/2019 18:07:54,16/10/2019 18:07:54,16/10/2019 18:07:55,28591,1.3331717,0.2696249,1.0635468
11,1571245681142,9,Inbound,The Point,00:00:00,00:00:00,4008,a,16/10/2019 18:07:59,16/10/2019 18:07:59,16/10/2019 18:07:59,28593,0.9269215,0.9112959,0.0156256
11,1571245681142,9,Inbound,The Point,00:07:34,00:08:14,3012,a,16/10/2019 18:07:54,16/10/2019 18:07:54,16/10/2019 18:07:54,28588,0.222759,0.0668221,0.1559369
11,1571245681142,9,Inbound,Connolly,00:09:30,00:10:10,3015,a,16/10/2019 18:07:54,16/10/2019 18:07:54,16/10/2019 18:07:54,28588,0.3165018,0.0668221,0.2496797
11,1571245681142,9,Inbound,The Point,00:13:10,00:13:50,3016,a,16/10/2019 18:07:54,16/10/2019 18:07:54,16/10/2019 18:07:54,28588,0.3633803,0.0668221,0.2965582
11,1571245681142,9,Inbound,The Point,00:18:50,00:19:30,4013,a,16/10/2019 18:07:54,16/10/2019 18:07:54,16/10/2019 18:07:54,28590,0.8487961,0.2071265,0.6416696
11,1571245681142,9,Outbound,Saggart,00:04:58,00:05:38,3008,a,16/10/2019 18:07:54,16/10/2019 18:07:54,16/10/2019 18:07:54,28588,0.1290018,0.0508791,0.0781227
11,1571245681142,9,Outbound,Tallaght,00:07:47,00:08:27,3009,a,16/10/2019 18:07:54,16/10/2019 18:07:54,16/10/2019 18:07:54,28588,0.1758777,0.0668221,0.1090556
11,1571245681142,9,Outbound,Saggart,00:16:04,00:16:44,3026,a,16/10/2019 18:07:54,16/10/2019 18:07:54,16/10/2019 18:07:54,28589,0.567154,0.1758777,0.3912763
11,1571245681142,9,Outbound,Tallaght,00:18:52,00:19:32,4006,a,16/10/2019 18:07:54,16/10/2019 18:07:54,16/10/2019 18:07:54,28589,0.723796,0.1758777,0.5479183
54,1571245681146,8,Inbound,The Point,00:04:49,00:05:29,4004,a,16/10/2019 18:07:54,16/10/2019 18:07:54,16/10/2019 18:07:54,28589,0.6612849,0.1758777,0.4854072
54,1571245681146,8,Inbound,The Point,00:05:18,00:05:58,3002,a,16/10/2019 18:07:54,16/10/2019 18:07:54,16/10/2019 18:07:54,28588,0.0977528,0.0508791,0.0468737
54,1571245681146,8,Inbound,The Point,00:11:09,00:11:49,3025,a,16/10/2019 18:07:54,16/10/2019 18:07:54,16/10/2019 18:07:54,28589,0.5352524,0.1758777,0.3593747
54,1571245681146,8,Inbound,The Point,00:18:31,00:19:11,4003,a,16/10/2019 18:07:54,16/10/2019 18:07:54,16/10/2019 18:07:54,28589,0.6456544,0.1758777,0.4697767
54,1571245681146,8,Outbound,Tallaght,00:01:28,00:02:08,4002,a,16/10/2019 18:07:54,16/10/2019 18:07:54,16/10/2019 18:07:54,28589,0.6139124,0.1758777,0.4380347
54,1571245681146,8,Outbound,Saggart,00:02:54,00:03:34,3013,a,16/10/2019 18:07:54,16/10/2019 18:07:54,16/10/2019 18:07:54,28588,0.2540018,0.0668221,0.1871797
54,1571245681146,8,Outbound,Saggart,00:15:57,00:16:37,4004,a,16/10/2019 18:07:54,16/10/2019 18:07:54,16/10/2019 18:07:54,28589,0.6769213,0.1758777,0.5010436
54,1571245681146,8,Outbound,Tallaght,00:16:26,00:17:06,3002,a,16/10/2019 18:07:54,16/10/2019 18:07:54,16/10/2019 18:07:54,28588,0.1133842,0.0508791,0.0625051
13,1571245681154,9,Inbound,The Point,00:02:10,00:02:50,4008,a,16/10/2019 18:07:59,16/10/2019 18:07:59,16/10/2019 18:07:59,28593,0.9425545,0.9112959,0.0312586
13,1571245681154,9,Inbound,The Point,00:10:24,00:11:04,3012,a,16/10/2019 18:07:54,16/10/2019 18:07:54,16/10/2019 18:07:54,28588,0.2383774,0.0668221,0.1715553
13,1571245681154,9,Inbound,Connolly,00:12:20,00:13:00,3015,a,16/10/2019 18:07:54,16/10/2019 18:07:54,16/10/2019 18:07:54,28588,0.3321349,0.0668221,0.2653128
13,1571245681154,9,Inbound,The Point,00:16:00,00:16:40,3016,a,16/10/2019 18:07:54,16/10/2019 18:07:54,16/10/2019 18:07:54,28588,0.378999,0.0668221,0.3121769
13,1571245681154,9,Outbound,Saggart,00:02:12,00:02:52,3008,a,16/10/2019 18:07:54,16/10/2019 18:07:54,16/10/2019 18:07:54,28588,0.1290018,0.0508791,0.0781227
13,1571245681154,9,Outbound,Tallaght,00:05:01,00:05:41,3009,a,16/10/2019 18:07:54,16/10/2019 18:07:54,16/10/2019 18:07:54,28588,0.1602712,0.0668221,0.0934491
13,1571245681154,9,Outbound,Saggart,00:13:18,00:13:58,3026,a,16/10/2019 18:07:54,16/10/2019 18:07:54,16/10/2019 18:07:54,28589,0.567154,0.1758777,0.3912763
13,1571245681154,9,Outbound,Tallaght,00:16:06,00:16:46,4006,a,16/10/2019 18:07:54,16/10/2019 18:07:54,16/10/2019 18:07:54,28589,0.7081722,0.1758777,0.5322945
13,1571245681154,9,Outbound,Saggart,00:17:45,00:18:25,3021,a,16/10/2019 18:07:54,16/10/2019 18:07:54,16/10/2019 18:07:54,28589,0.4883734,0.1602712,0.3281022
7,1571245681159,9,Inbound,The Point,00:01:25,00:02:05,3012,a,16/10/2019 18:07:54,16/10/2019 18:07:54,16/10/2019 18:07:54,28588,0.2071265,0.0668221,0.1403044
7,1571245681159,9,Inbound,Connolly,00:03:21,00:04:01,3015,a,16/10/2019 18:07:54,16/10/2019 18:07:54,16/10/2019 18:07:54,28588,0.3008759,0.0668221,0.2340538
7,1571245681159,9,Inbound,The Point,00:07:01,00:07:41,3016,a,16/10/2019 18:07:54,16/10/2019 18:07:54,16/10/2019 18:07:54,28588,0.3633803,0.0668221,0.2965582
7,1571245681159,9,Inbound,The Point,00:12:41,00:13:21,4013,a,16/10/2019 18:07:54,16/10/2019 18:07:54,16/10/2019 18:07:54,28590,0.8331775,0.2071265,0.626051
7,1571245681159,9,Inbound,Connolly,00:16:57,00:17:37,4011,a,16/10/2019 18:07:54,16/10/2019 18:07:54,16/10/2019 18:07:54,28590,0.8175664,0.2071265,0.6104399
7,1571245681159,9,Outbound,Saggart,00:00:00,00:00:25,3023,a,16/10/2019 18:07:54,16/10/2019 18:07:54,16/10/2019 18:07:54,28589,0.5040013,0.1602712,0.3437301
7,1571245681159,9,Outbound,Tallaght,00:02:15,00:02:55,4010,a,16/10/2019 18:07:54,16/10/2019 18:07:54,16/10/2019 18:07:54,28590,0.770671,0.2071265,0.5635445
7,1571245681159,9,Outbound,Saggart,00:10:59,00:11:39,3008,a,16/10/2019 18:07:54,16/10/2019 18:07:54,16/10/2019 18:07:54,28588,0.1446263,0.0508791,0.0937472
7,1571245681159,9,Outbound,Tallaght,00:13:48,00:14:28,3009,a,16/10/2019 18:07:54,16/10/2019 18:07:54,16/10/2019 18:07:54,28588,0.1758777,0.0668221,0.1090556
30,1571245681164,9,Inbound,Broombridge,00:02:37,00:03:17,5017,a,16/10/2019 18:07:54,16/10/2019 18:07:54,16/10/2019 18:07:55,28591,1.1769197,0.2540018,0.9229179
30,1571245681164,9,Inbound,Parnell,00:07:04,00:07:44,5005,a,16/10/2019 18:07:54,16/10/2019 18:07:54,16/10/2019 18:07:54,28590,0.9269223,0.2071265,0.7197958
30,1571245681164,9,Inbound,Broombridge,00:11:27,00:12:07,5011,a,16/10/2019 18:07:54,16/10/2019 18:07:54,16/10/2019 18:07:55,28591,1.0675473,0.2540018,0.8135455
30,1571245681164,9,Inbound,Parnell,00:14:46,00:15:26,5010,a,16/10/2019 18:07:54,16/10/2019 18:07:54,16/10/2019 18:07:55,28590,1.0363024,0.2071265,0.8291759
30,1571245681164,9,Outbound,Bride's Glen,00:06:21,00:07:01,5019,a,16/10/2019 18:07:54,16/10/2019 18:07:54,16/10/2019 18:07:55,28591,1.2081683,0.2696249,0.9385434
30,1571245681164,9,Outbound,Sandyford,00:09:50,00:10:30,5032,a,16/10/2019 18:07:56,16/10/2019 18:07:57,16/10/2019 18:07:57,28592,1.3019254,1.1144246,0.1875008
30,1571245681164,9,Outbound,Bride's Glen,00:14:07,00:14:47,5016,a,16/10/2019 18:07:54,16/10/2019 18:07:54,16/10/2019 18:07:55,28591,1.1612978,0.2540018,0.907296
30,1571245681164,9,Outbound,Sandyford,00:15:45,00:16:25,5026,a,16/10/2019 18:07:56,16/10/2019 18:07:57,16/10/2019 18:07:57,28592,1.1459821,1.1144246,0.0315575
30,1571245681164,9,Outbound,Bride's Glen,00:19:03,00:19:43,5029,a,16/10/2019 18:07:56,16/10/2019 18:07:57,16/10/2019 18:07:57,28592,1.2550494,1.1144246,0.1406248
14,1571245681170,9,Inbound,The Point,00:03:09,00:03:49,4008,a,16/10/2019 18:07:59,16/10/2019 18:07:59,16/10/2019 18:07:59,28593,0.9425545,0.9112959,0.0312586
14,1571245681170,9,Inbound,The Point,00:11:23,00:12:03,3012,a,16/10/2019 18:07:54,16/10/2019 18:07:54,16/10/2019 18:07:54,28588,0.2383774,0.0668221,0.1715553
14,1571245681170,9,Inbound,Connolly,00:13:19,00:13:59,3015,a,16/10/2019 18:07:54,16/10/2019 18:07:54,16/10/2019 18:07:54,28588,0.3321349,0.0668221,0.2653128
14,1571245681170,9,Inbound,The Point,00:16:59,00:17:39,3016,a,16/10/2019 18:07:54,16/10/2019 18:07:54,16/10/2019 18:07:54,28588,0.378999,0.0668221,0.3121769
14,1571245681170,9,Outbound,Saggart,00:01:12,00:01:52,3008,a,16/10/2019 18:07:54,16/10/2019 18:07:54,16/10/2019 18:07:54,28588,0.1133842,0.0508791,0.0625051
14,1571245681170,9,Outbound,Tallaght,00:04:01,00:04:41,3009,a,16/10/2019 18:07:54,16/10/2019 18:07:54,16/10/2019 18:07:54,28588,0.1602712,0.0668221,0.0934491
14,1571245681170,9,Outbound,Saggart,00:12:18,00:12:58,3026,a,16/10/2019 18:07:54,16/10/2019 18:07:54,16/10/2019 18:07:54,28589,0.5665085,0.1758777,0.3906308
14,1571245681170,9,Outbound,Tallaght,00:15:06,00:15:46,4006,a,16/10/2019 18:07:54,16/10/2019 18:07:54,16/10/2019 18:07:54,28589,0.7081722,0.1758777,0.5322945
14,1571245681170,9,Outbound,Saggart,00:16:45,00:17:25,3021,a,16/10/2019 18:07:54,16/10/2019 18:07:54,16/10/2019 18:07:54,28589,0.4883734,0.1602712,0.3281022
33,1571245681174,9,Inbound,Parnell,00:01:03,00:01:43,5005,a,16/10/2019 18:07:54,16/10/2019 18:07:54,16/10/2019 18:07:54,28590,0.9269223,0.2071265,0.7197958
33,1571245681174,9,Inbound,Broombridge,00:05:26,00:06:06,5011,a,16/10/2019 18:07:54,16/10/2019 18:07:54,16/10/2019 18:07:55,28590,1.0519222,0.2071265,0.8447957
33,1571245681174,9,Inbound,Parnell,00:08:45,00:09:25,5010,a,16/10/2019 18:07:54,16/10/2019 18:07:54,16/10/2019 18:07:55,28590,1.0206744,0.2071265,0.8135479
33,1571245681174,9,Inbound,Broombridge,00:13:39,00:14:19,5025,a,16/10/2019 18:07:59,16/10/2019 18:07:59,16/10/2019 18:07:59,28593,0.9738109,0.9112959,0.062515
33,1571245681174,9,Inbound,Parnell,00:15:01,00:15:41,5003,a,16/10/2019 18:07:54,16/10/2019 18:07:54,16/10/2019 18:07:54,28590,0.9112966,0.2071265,0.7041701
33,1571245681174,9,Outbound,Bride's Glen,00:00:00,00:00:29,5012,a,16/10/2019 18:07:54,16/10/2019 18:07:54,16/10/2019 18:07:55,28591,1.0831789,0.2540018,0.8291771
33,1571245681174,9,Outbound,Sandyford,00:03:08,00:03:48,5006,a,16/10/2019 18:07:54,16/10/2019 18:07:54,16/10/2019 18:07:54,28590,0.9581722,0.2071265,0.7510457
33,1571245681174,9,Outbound,Bride's Glen,00:12:18,00:12:58,5019,a,16/10/2019 18:07:54,16/10/2019 18:07:54,16/10/2019 18:07:55,28591,1.2237991,0.2696249,0.9541742
33,1571245681174,9,Outbound,Sandyford,00:15:47,00:16:27,5032,a,16/10/2019 18:07:56,16/10/2019 18:07:57,16/10/2019 18:07:57,28592,1.3175519,1.1144246,0.2031273
16,1571245681180,10,Inbound,The Point,00:01:33,00:02:13,4003,a,16/10/2019 18:07:54,16/10/2019 18:07:54,16/10/2019 18:07:54,28589,0.6295376,0.1758777,0.4536599
16,1571245681180,10,Inbound,Connolly,00:03:08,00:03:48,3001,a,16/10/2019 18:07:54,16/10/2019 18:07:54,16/10/2019 18:07:54,28588,0.0668221,0.0508791,0.015943
16,1571245681180,10,Inbound,The Point,00:07:41,00:08:21,4008,a,16/10/2019 18:07:59,16/10/2019 18:07:59,16/10/2019 18:07:59,28593,0.9425545,0.9112959,0.0312586
16,1571245681180,10,Inbound,The Point,00:15:55,00:16:35,3012,a,16/10/2019 18:07:54,16/10/2019 18:07:54,16/10/2019 18:07:54,28588,0.2383774,0.0668221,0.1715553
16,1571245681180,10,Inbound,Connolly,00:17:51,00:18:31,3015,a,16/10/2019 18:07:54,16/10/2019 18:07:54,16/10/2019 18:07:54,28588,0.3477869,0.0668221,0.2809648
16,1571245681180,10,Outbound,Saggart,00:07:08,00:07:48,3026,a,16/10/2019 18:07:54,16/10/2019 18:07:54,16/10/2019 18:07:54,28589,0.5508847,0.1758777,0.375007
16,1571245681180,10,Outbound,Tallaght,00:09:56,00:10:36,4006,a,16/10/2019 18:07:54,16/10/2019 18:07:54,16/10/2019 18:07:54,28589,0.7081722,0.1758777,0.5322945
16,1571245681180,10,Outbound,Saggart,00:11:35,00:12:15,3021,a,16/10/2019 18:07:54,16/10/2019 18:07:54,16/10/2019 18:07:54,28589,0.4727512,0.1602712,0.31248
16,1571245681180,10,Outbound,Tallaght,00:17:52,00:18:32,4002,a,16/10/2019 18:07:54,16/10/2019 18:07:54,16/10/2019 18:07:54,28589,0.6295376,0.1758777,0.4536599
16,1571245681180,10,Outbound,Saggart,00:19:18,00:19:58,3013,a,16/10/2019 18:07:54,16/10/2019 18:07:54,16/10/2019 18:07:54,28588,0.2852508,0.0668221,0.2184287
12,1571245681184,8,Inbound,The Point,00:00:26,00:01:06,4008,a,16/10/2019 18:07:59,16/10/2019 18:07:59,16/10/2019 18:07:59,28593,0.9425545,0.9112959,0.0312586
12,1571245681184,8,Inbound,The Point,00:08:40,00:09:20,3012,a,16/10/2019 18:07:54,16/10/2019 18:07:54,16/10/2019 18:07:54,28588,0.2383774,0.0668221,0.1715553
12,1571245681184,8,Inbound,Connolly,00:10:36,00:11:16,3015,a,16/10/2019 18:07:54,16/10/2019 18:07:54,16/10/2019 18:07:54,28588,0.3165018,0.0668221,0.2496797
12,1571245681184,8,Inbound,The Point,00:14:16,00:14:56,3016,a,16/10/2019 18:07:54,16/10/2019 18:07:54,16/10/2019 18:07:54,28588,0.378999,0.0668221,0.3121769
12,1571245681184,8,Outbound,Saggart,00:03:53,00:04:33,3008,a,16/10/2019 18:07:54,16/10/2019 18:07:54,16/10/2019 18:07:54,28588,0.1290018,0.0508791,0.0781227
12,1571245681184,8,Outbound,Tallaght,00:06:42,00:07:22,3009,a,16/10/2019 18:07:54,16/10/2019 18:07:54,16/10/2019 18:07:54,28588,0.1602712,0.0668221,0.0934491
12,1571245681184,8,Outbound,Saggart,00:14:59,00:15:39,3026,a,16/10/2019 18:07:54,16/10/2019 18:07:54,16/10/2019 18:07:54,28589,0.567154,0.1758777,0.3912763
12,1571245681184,8,Outbound,Tallaght,00:17:47,00:18:27,4006,a,16/10/2019 18:07:54,16/10/2019 18:07:54,16/10/2019 18:07:54,28589,0.723796,0.1758777,0.5479183
20,1571245681188,10,Inbound,Connolly,00:00:40,00:01:20,3018,a,16/10/2019 18:07:54,16/10/2019 18:07:54,16/10/2019 18:07:54,28589,0.4102526,0.1602712,0.2499814
20,1571245681188,10,Inbound,The Point,00:02:25,00:03:05,3025,a,16/10/2019 18:07:54,16/10/2019 18:07:54,16/10/2019 18:07:54,28589,0.5196273,0.1758777,0.3437496
20,1571245681188,10,Inbound,The Point,00:09:47,00:10:27,4003,a,16/10/2019 18:07:54,16/10/2019 18:07:54,16/10/2019 18:07:54,28589,0.6456544,0.1758777,0.4697767
20,1571245681188,10,Inbound,Connolly,00:10:39,00:11:19,3001,a,16/10/2019 18:07:54,16/10/2019 18:07:54,16/10/2019 18:07:54,28588,0.0821261,0.0508791,0.031247
20,1571245681188,10,Inbound,The Point,00:15:55,00:16:35,4008,a,16/10/2019 18:07:59,16/10/2019 18:07:59,16/10/2019 18:07:59,28593,0.9581774,0.9112959,0.0468815
20,1571245681188,10,Outbound,Tallaght,00:01:37,00:02:17,4006,a,16/10/2019 18:07:54,16/10/2019 18:07:54,16/10/2019 18:07:54,28589,0.6925475,0.1758777,0.5166698
20,1571245681188,10,Outbound,Saggart,00:03:16,00:03:56,3021,a,16/10/2019 18:07:54,16/10/2019 18:07:54,16/10/2019 18:07:54,28589,0.4727512,0.1602712,0.31248
20,1571245681188,10,Outbound,Tallaght,00:09:33,00:10:13,4002,a,16/10/2019 18:07:54,16/10/2019 18:07:54,16/10/2019 18:07:54,28589,0.6139124,0.1758777,0.4380347
20,1571245681188,10,Outbound,Saggart,00:10:59,00:11:39,3013,a,16/10/2019 18:07:54,16/10/2019 18:07:54,16/10/2019 18:07:54,28588,0.2696249,0.0668221,0.2028028
20,1571245681188,10,Outbound,Tallaght,00:17:26,00:18:06,3018,a,16/10/2019 18:07:54,16/10/2019 18:07:54,16/10/2019 18:07:54,28589,0.4258762,0.1602712,0.265605
8,1571245681192,8,Inbound,The Point,00:03:01,00:03:41,3012,a,16/10/2019 18:07:54,16/10/2019 18:07:54,16/10/2019 18:07:54,28588,0.2071265,0.0668221,0.1403044
8,1571245681192,8,Inbound,Connolly,00:04:57,00:05:37,3015,a,16/10/2019 18:07:54,16/10/2019 18:07:54,16/10/2019 18:07:54,28588,0.3165018,0.0668221,0.2496797
8,1571245681192,8,Inbound,The Point,00:08:37,00:09:17,3016,a,16/10/2019 18:07:54,16/10/2019 18:07:54,16/10/2019 18:07:54,28588,0.3633803,0.0668221,0.2965582
8,1571245681192,8,Inbound,The Point,00:14:17,00:14:57,4013,a,16/10/2019 18:07:54,16/10/2019 18:07:54,16/10/2019 18:07:54,28590,0.8331775,0.2071265,0.626051
8,1571245681192,8,Inbound,Connolly,00:18:33,00:19:13,4011,a,16/10/2019 18:07:54,16/10/2019 18:07:54,16/10/2019 18:07:54,28590,0.8175664,0.2071265,0.6104399
8,1571245681192,8,Outbound,Tallaght,00:00:41,00:01:21,4010,a,16/10/2019 18:07:54,16/10/2019 18:07:54,16/10/2019 18:07:54,28590,0.770671,0.2071265,0.5635445
8,1571245681192,8,Outbound,Saggart,00:09:25,00:10:05,3008,a,16/10/2019 18:07:54,16/10/2019 18:07:54,16/10/2019 18:07:54,28588,0.1446263,0.0508791,0.0937472
8,1571245681192,8,Outbound,Tallaght,00:12:14,00:12:54,3009,a,16/10/2019 18:07:54,16/10/2019 18:07:54,16/10/2019 18:07:54,28588,0.1758777,0.0668221,0.1090556
26,1571245681197,10,Inbound,Broombridge,00:00:22,00:01:02,5021,a,16/10/2019 18:07:54,16/10/2019 18:07:54,16/10/2019 18:07:55,28591,1.2550464,0.2696249,0.9854215
26,1571245681197,10,Inbound,Parnell,00:04:01,00:04:41,5033,a,16/10/2019 18:07:56,16/10/2019 18:07:57,16/10/2019 18:07:57,28592,1.3331749,1.1144246,0.2187503
26,1571245681197,10,Inbound,Broombridge,00:09:32,00:10:12,5017,a,16/10/2019 18:07:54,16/10/2019 18:07:54,16/10/2019 18:07:55,28591,1.1925598,0.2696249,0.9229349
26,1571245681197,10,Inbound,Parnell,00:13:59,00:14:39,5005,a,16/10/2019 18:07:54,16/10/2019 18:07:54,16/10/2019 18:07:54,28590,0.9425442,0.2071265,0.7354177
26,1571245681197,10,Inbound,Broombridge,00:18:22,00:19:02,5011,a,16/10/2019 18:07:54,16/10/2019 18:07:54,16/10/2019 18:07:55,28591,1.0831789,0.2540018,0.8291771
26,1571245681197,10,Outbound,Sandyford,00:02:20,00:03:00,5032,a,16/10/2019 18:07:56,16/10/2019 18:07:57,16/10/2019 18:07:57,28592,1.2863013,1.1144246,0.1718767
26,1571245681197,10,Outbound,Bride's Glen,00:06:37,00:07:17,5016,a,16/10/2019 18:07:54,16/10/2019 18:07:54,16/10/2019 18:07:55,28591,1.1612978,0.2540018,0.907296
26,1571245681197,10,Outbound,Sandyford,00:08:15,00:08:55,5026,a,16/10/2019 18:07:56,16/10/2019 18:07:57,16/10/2019 18:07:57,28592,1.1459821,1.1144246,0.0315575
26,1571245681197,10,Outbound,Bride's Glen,00:11:33,00:12:13,5029,a,16/10/2019 18:07:56,16/10/2019 18:07:57,16/10/2019 18:07:57,28592,1.2394256,1.1144246,0.125001
26,1571245681197,10,Outbound,Sandyford,00:16:33,00:17:13,5028,a,16/10/2019 18:07:56,16/10/2019 18:07:57,16/10/2019 18:07:57,28592,1.2081741,1.1144246,0.0937495
18,1571245681201,8,Inbound,The Point,00:06:13,00:06:53,4003,a,16/10/2019 18:07:54,16/10/2019 18:07:54,16/10/2019 18:07:54,28589,0.6295376,0.1758777,0.4536599
18,1571245681201,8,Inbound,Connolly,00:06:53,00:07:33,3001,a,16/10/2019 18:07:54,16/10/2019 18:07:54,16/10/2019 18:07:54,28588,0.0668221,0.0508791,0.015943
18,1571245681201,8,Inbound,The Point,00:12:21,00:13:01,4008,a,16/10/2019 18:07:59,16/10/2019 18:07:59,16/10/2019 18:07:59,28593,0.9581774,0.9112959,0.0468815
18,1571245681201,8,Outbound,Saggart,00:02:29,00:03:09,3026,a,16/10/2019 18:07:54,16/10/2019 18:07:54,16/10/2019 18:07:54,28589,0.5508847,0.1758777,0.375007
18,1571245681201,8,Outbound,Tallaght,00:05:17,00:05:57,4006,a,16/10/2019 18:07:54,16/10/2019 18:07:54,16/10/2019 18:07:54,28589,0.6925475,0.1758777,0.5166698
18,1571245681201,8,Outbound,Saggart,00:07:06,00:07:46,3021,a,16/10/2019 18:07:54,16/10/2019 18:07:54,16/10/2019 18:07:54,28589,0.4727512,0.1602712,0.31248
18,1571245681201,8,Outbound,Tallaght,00:13:13,00:13:53,4002,a,16/10/2019 18:07:54,16/10/2019 18:07:54,16/10/2019 18:07:54,28589,0.6139124,0.1758777,0.4380347
18,1571245681201,8,Outbound,Saggart,00:14:39,00:15:19,3013,a,16/10/2019 18:07:54,16/10/2019 18:07:54,16/10/2019 18:07:54,28588,0.2696249,0.0668221,0.2028028
55,1571245681204,7,Inbound,The Point,00:06:20,00:07:00,4004,a,16/10/2019 18:07:54,16/10/2019 18:07:54,16/10/2019 18:07:54,28589,0.6612849,0.1758777,0.4854072
55,1571245681204,7,Inbound,The Point,00:06:49,00:07:29,3002,a,16/10/2019 18:07:54,16/10/2019 18:07:54,16/10/2019 18:07:54,28588,0.0977528,0.0508791,0.0468737
55,1571245681204,7,Inbound,The Point,00:12:40,00:13:20,3025,a,16/10/2019 18:07:54,16/10/2019 18:07:54,16/10/2019 18:07:54,28589,0.5352524,0.1758777,0.3593747
55,1571245681204,7,Outbound,Tallaght,00:00:00,00:00:40,4002,a,16/10/2019 18:07:54,16/10/2019 18:07:54,16/10/2019 18:07:54,28589,0.5982867,0.1758777,0.422409
55,1571245681204,7,Outbound,Saggart,00:01:26,00:02:06,3013,a,16/10/2019 18:07:54,16/10/2019 18:07:54,16/10/2019 18:07:54,28588,0.2540018,0.0668221,0.1871797
55,1571245681204,7,Outbound,Saggart,00:14:29,00:15:09,4004,a,16/10/2019 18:07:54,16/10/2019 18:07:54,16/10/2019 18:07:54,28589,0.6769213,0.1758777,0.5010436
55,1571245681204,7,Outbound,Tallaght,00:14:58,00:15:38,3002,a,16/10/2019 18:07:54,16/10/2019 18:07:54,16/10/2019 18:07:54,28588,0.1133842,0.0508791,0.0625051
19,1571245681208,9,Inbound,The Point,00:00:15,00:00:55,3025,a,16/10/2019 18:07:54,16/10/2019 18:07:54,16/10/2019 18:07:54,28589,0.5196273,0.1758777,0.3437496
19,1571245681208,9,Inbound,The Point,00:07:37,00:08:17,4003,a,16/10/2019 18:07:54,16/10/2019 18:07:54,16/10/2019 18:07:54,28589,0.6456544,0.1758777,0.4697767
19,1571245681208,9,Inbound,Connolly,00:08:21,00:09:01,3001,a,16/10/2019 18:07:54,16/10/2019 18:07:54,16/10/2019 18:07:54,28588,0.0668221,0.0508791,0.015943
19,1571245681208,9,Inbound,The Point,00:13:45,00:14:25,4008,a,16/10/2019 18:07:59,16/10/2019 18:07:59,16/10/2019 18:07:59,28593,0.9581774,0.9112959,0.0468815
19,1571245681208,9,Outbound,Saggart,00:01:10,00:01:50,3026,a,16/10/2019 18:07:54,16/10/2019 18:07:54,16/10/2019 18:07:54,28589,0.5508847,0.1758777,0.375007
19,1571245681208,9,Outbound,Tallaght,00:03:58,00:04:38,4006,a,16/10/2019 18:07:54,16/10/2019 18:07:54,16/10/2019 18:07:54,28589,0.6925475,0.1758777,0.5166698
19,1571245681208,9,Outbound,Saggart,00:05:40,00:06:20,3021,a,16/10/2019 18:07:54,16/10/2019 18:07:54,16/10/2019 18:07:54,28589,0.4727512,0.1602712,0.31248
19,1571245681208,9,Outbound,Tallaght,00:11:54,00:12:34,4002,a,16/10/2019 18:07:54,16/10/2019 18:07:54,16/10/2019 18:07:54,28589,0.6139124,0.1758777,0.4380347
19,1571245681208,9,Outbound,Saggart,00:13:20,00:14:00,3013,a,16/10/2019 18:07:54,16/10/2019 18:07:54,16/10/2019 18:07:54,28588,0.2696249,0.0668221,0.2028028
28,1571245681212,10,Inbound,Parnell,00:00:47,00:01:27,5033,a,16/10/2019 18:07:56,16/10/2019 18:07:57,16/10/2019 18:07:57,28592,1.3175519,1.1144246,0.2031273
28,1571245681212,10,Inbound,Broombridge,00:06:18,00:06:58,5017,a,16/10/2019 18:07:54,16/10/2019 18:07:54,16/10/2019 18:07:55,28591,1.1925598,0.2696249,0.9229349
28,1571245681212,10,Inbound,Parnell,00:10:45,00:11:25,5005,a,16/10/2019 18:07:54,16/10/2019 18:07:54,16/10/2019 18:07:54,28590,0.9425442,0.2071265,0.7354177
28,1571245681212,10,Inbound,Broombridge,00:15:08,00:15:48,5011,a,16/10/2019 18:07:54,16/10/2019 18:07:54,16/10/2019 18:07:55,28591,1.0675473,0.2540018,0.8135455
28,1571245681212,10,Inbound,Parnell,00:18:27,00:19:07,5010,a,16/10/2019 18:07:54,16/10/2019 18:07:54,16/10/2019 18:07:55,28590,1.0363024,0.2071265,0.8291759
28,1571245681212,10,Outbound,Bride's Glen,00:02:38,00:03:18,5019,a,16/10/2019 18:07:54,16/10/2019 18:07:54,16/10/2019 18:07:55,28591,1.2081683,0.2696249,0.9385434
28,1571245681212,10,Outbound,Sandyford,00:06:07,00:06:47,5032,a,16/10/2019 18:07:56,16/10/2019 18:07:57,16/10/2019 18:07:57,28592,1.2863013,1.1144246,0.1718767
28,1571245681212,10,Outbound,Bride's Glen,00:10:24,00:11:04,5016,a,16/10/2019 18:07:54,16/10/2019 18:07:54,16/10/2019 18:07:55,28591,1.1612978,0.2540018,0.907296
28,1571245681212,10,Outbound,Sandyford,00:12:02,00:12:42,5026,a,16/10/2019 18:07:56,16/10/2019 18:07:57,16/10/2019 18:07:57,28592,1.1459821,1.1144246,0.0315575
28,1571245681212,10,Outbound,Bride's Glen,00:15:20,00:16:00,5029,a,16/10/2019 18:07:56,16/10/2019 18:07:57,16/10/2019 18:07:57,28592,1.2394256,1.1144246,0.125001
35,1571245681216,9,Inbound,Broombridge,00:01:43,00:02:23,5011,a,16/10/2019 18:07:54,16/10/2019 18:07:54,16/10/2019 18:07:55,28590,1.0519222,0.2071265,0.8447957
35,1571245681216,9,Inbound,Parnell,00:05:02,00:05:42,5010,a,16/10/2019 18:07:54,16/10/2019 18:07:54,16/10/2019 18:07:55,28590,1.0206744,0.2071265,0.8135479
35,1571245681216,9,Inbound,Broombridge,00:09:56,00:10:36,5025,a,16/10/2019 18:07:59,16/10/2019 18:07:59,16/10/2019 18:07:59,28593,0.9738109,0.9112959,0.062515
35,1571245681216,9,Inbound,Parnell,00:11:18,00:11:58,5003,a,16/10/2019 18:07:54,16/10/2019 18:07:54,16/10/2019 18:07:54,28590,0.8956734,0.2071265,0.6885469
35,1571245681216,9,Outbound,Bride's Glen,00:00:00,00:00:00,5023,a,16/10/2019 18:07:40,16/10/2019 18:07:40,16/10/2019 18:07:40,28579,0.0656053,0.0656053,0
35,1571245681216,9,Outbound,Sandyford,00:01:15,00:01:55,5025,a,16/10/2019 18:07:59,16/10/2019 18:07:59,16/10/2019 18:07:59,28593,0.9738109,0.9112959,0.062515
35,1571245681216,9,Outbound,Bride's Glen,00:03:33,00:04:13,5012,a,16/10/2019 18:07:54,16/10/2019 18:07:54,16/10/2019 18:07:55,28591,1.0831789,0.2540018,0.8291771
35,1571245681216,9,Outbound,Sandyford,00:06:52,00:07:32,5006,a,16/10/2019 18:07:54,16/10/2019 18:07:54,16/10/2019 18:07:54,28590,0.9581722,0.2071265,0.7510457
35,1571245681216,9,Outbound,Bride's Glen,00:16:02,00:16:42,5019,a,16/10/2019 18:07:54,16/10/2019 18:07:54,16/10/2019 18:07:55,28591,1.2237991,0.2696249,0.9541742
32,1571245681221,9,Inbound,Parnell,00:02:45,00:03:25,5005,a,16/10/2019 18:07:54,16/10/2019 18:07:54,16/10/2019 18:07:54,28590,0.9269223,0.2071265,0.7197958
32,1571245681221,9,Inbound,Broombridge,00:07:08,00:07:48,5011,a,16/10/2019 18:07:54,16/10/2019 18:07:54,16/10/2019 18:07:55,28590,1.0519222,0.2071265,0.8447957
32,1571245681221,9,Inbound,Parnell,00:10:27,00:11:07,5010,a,16/10/2019 18:07:54,16/10/2019 18:07:54,16/10/2019 18:07:55,28590,1.0363024,0.2071265,0.8291759
32,1571245681221,9,Inbound,Broombridge,00:15:21,00:16:01,5025,a,16/10/2019 18:07:59,16/10/2019 18:07:59,16/10/2019 18:07:59,28593,0.9894258,0.9112959,0.0781299
32,1571245681221,9,Inbound,Parnell,00:16:43,00:17:23,5003,a,16/10/2019 18:07:54,16/10/2019 18:07:54,16/10/2019 18:07:54,28590,0.9112966,0.2071265,0.7041701
32,1571245681221,9,Outbound,Sandyford,00:01:28,00:02:08,5006,a,16/10/2019 18:07:54,16/10/2019 18:07:54,16/10/2019 18:07:54,28590,0.9425442,0.2071265,0.7354177
32,1571245681221,9,Outbound,Bride's Glen,00:10:38,00:11:18,5019,a,16/10/2019 18:07:54,16/10/2019 18:07:54,16/10/2019 18:07:55,28591,1.2237991,0.2696249,0.9541742
32,1571245681221,9,Outbound,Sandyford,00:14:07,00:14:47,5032,a,16/10/2019 18:07:56,16/10/2019 18:07:57,16/10/2019 18:07:57,28592,1.3175519,1.1144246,0.2031273
32,1571245681221,9,Outbound,Bride's Glen,00:18:24,00:19:04,5016,a,16/10/2019 18:07:54,16/10/2019 18:07:54,16/10/2019 18:07:55,28591,1.1769197,0.2540018,0.9229179
25,1571245681225,11,Inbound,Parnell,00:00:00,00:00:00,5013,a,16/10/2019 18:07:43,16/10/2019 18:07:43,16/10/2019 18:07:43,28580,0.1125027,0.0656165,0.0468862
25,1571245681225,11,Inbound,Broombridge,00:02:49,00:03:29,5021,a,16/10/2019 18:07:54,16/10/2019 18:07:54,16/10/2019 18:07:55,28591,1.2550464,0.2696249,0.9854215
25,1571245681225,11,Inbound,Parnell,00:06:28,00:07:08,5033,a,16/10/2019 18:07:56,16/10/2019 18:07:57,16/10/2019 18:07:57,28592,1.3331749,1.1144246,0.2187503
25,1571245681225,11,Inbound,Broombridge,00:11:59,00:12:39,5017,a,16/10/2019 18:07:54,16/10/2019 18:07:54,16/10/2019 18:07:55,28591,1.1925598,0.2696249,0.9229349
25,1571245681225,11,Inbound,Parnell,00:16:26,00:17:06,5005,a,16/10/2019 18:07:54,16/10/2019 18:07:54,16/10/2019 18:07:54,28590,0.9425442,0.2071265,0.7354177
25,1571245681225,11,Outbound,Sandyford,00:00:00,00:00:00,5032,a,16/10/2019 18:07:56,16/10/2019 18:07:57,16/10/2019 18:07:57,28592,1.2863013,1.1144246,0.1718767
25,1571245681225,11,Outbound,Bride's Glen,00:03:37,00:04:17,5016,a,16/10/2019 18:07:54,16/10/2019 18:07:54,16/10/2019 18:07:55,28591,1.1456688,0.2540018,0.891667
25,1571245681225,11,Outbound,Sandyford,00:05:15,00:05:55,5026,a,16/10/2019 18:07:56,16/10/2019 18:07:57,16/10/2019 18:07:57,28592,1.1459821,1.1144246,0.0315575
25,1571245681225,11,Outbound,Bride's Glen,00:08:33,00:09:13,5029,a,16/10/2019 18:07:56,16/10/2019 18:07:57,16/10/2019 18:07:57,28592,1.2394256,1.1144246,0.125001
25,1571245681225,11,Outbound,Sandyford,00:13:33,00:14:13,5028,a,16/10/2019 18:07:56,16/10/2019 18:07:57,16/10/2019 18:07:57,28592,1.2081741,1.1144246,0.0937495
25,1571245681225,11,Outbound,Bride's Glen,00:17:40,00:18:20,5008,a,16/10/2019 18:07:54,16/10/2019 18:07:54,16/10/2019 18:07:54,28590,0.973794,0.2071265,0.7666675
5,1571245681229,8,Inbound,The Point,00:00:00,00:00:04,3016,a,16/10/2019 18:07:54,16/10/2019 18:07:54,16/10/2019 18:07:54,28588,0.3477869,0.0668221,0.2809648
5,1571245681229,8,Inbound,The Point,00:05:04,00:05:44,4013,a,16/10/2019 18:07:54,16/10/2019 18:07:54,16/10/2019 18:07:54,28590,0.8175664,0.2071265,0.6104399
5,1571245681229,8,Inbound,Connolly,00:08:31,00:09:11,4011,a,16/10/2019 18:07:54,16/10/2019 18:07:54,16/10/2019 18:07:54,28590,0.8019312,0.2071265,0.5948047
5,1571245681229,8,Inbound,The Point,00:17:46,00:18:26,3011,a,16/10/2019 18:07:54,16/10/2019 18:07:54,16/10/2019 18:07:54,28588,0.2071265,0.0668221,0.1403044
5,1571245681229,8,Outbound,Tallaght,00:02:35,00:03:15,4009,a,16/10/2019 18:07:56,16/10/2019 18:07:57,16/10/2019 18:07:57,28592,1.3800526,1.1144246,0.265628
5,1571245681229,8,Outbound,Saggart,00:07:03,00:07:43,3023,a,16/10/2019 18:07:54,16/10/2019 18:07:54,16/10/2019 18:07:54,28589,0.5040013,0.1602712,0.3437301
5,1571245681229,8,Outbound,Tallaght,00:09:33,00:10:13,4010,a,16/10/2019 18:07:54,16/10/2019 18:07:54,16/10/2019 18:07:54,28590,0.7862967,0.2071265,0.5791702
5,1571245681229,8,Outbound,Saggart,00:18:17,00:18:57,3008,a,16/10/2019 18:07:54,16/10/2019 18:07:54,16/10/2019 18:07:54,28588,0.1602712,0.0668221,0.0934491
34,1571245681234,10,Inbound,Parnell,00:00:00,00:00:00,5005,a,16/10/2019 18:07:54,16/10/2019 18:07:54,16/10/2019 18:07:54,28590,0.9112966,0.2071265,0.7041701
34,1571245681234,10,Inbound,Broombridge,00:03:43,00:04:23,5011,a,16/10/2019 18:07:54,16/10/2019 18:07:54,16/10/2019 18:07:55,28590,1.0519222,0.2071265,0.8447957
34,1571245681234,10,Inbound,Parnell,00:07:02,00:07:42,5010,a,16/10/2019 18:07:54,16/10/2019 18:07:54,16/10/2019 18:07:55,28590,1.0206744,0.2071265,0.8135479
34,1571245681234,10,Inbound,Broombridge,00:11:56,00:12:36,5025,a,16/10/2019 18:07:59,16/10/2019 18:07:59,16/10/2019 18:07:59,28593,0.9738109,0.9112959,0.062515
34,1571245681234,10,Inbound,Parnell,00:13:18,00:13:58,5003,a,16/10/2019 18:07:54,16/10/2019 18:07:54,16/10/2019 18:07:54,28590,0.8956734,0.2071265,0.6885469
34,1571245681234,10,Outbound,Sandyford,00:00:00,00:00:00,5025,a,16/10/2019 18:07:59,16/10/2019 18:07:59,16/10/2019 18:07:59,28593,0.9581774,0.9112959,0.0468815
34,1571245681234,10,Outbound,Bride's Glen,00:01:38,00:02:18,5012,a,16/10/2019 18:07:54,16/10/2019 18:07:54,16/10/2019 18:07:55,28591,1.0831789,0.2540018,0.8291771
34,1571245681234,10,Outbound,Sandyford,00:04:57,00:05:37,5006,a,16/10/2019 18:07:54,16/10/2019 18:07:54,16/10/2019 18:07:54,28590,0.9581722,0.2071265,0.7510457
34,1571245681234,10,Outbound,Bride's Glen,00:14:07,00:14:47,5019,a,16/10/2019 18:07:54,16/10/2019 18:07:54,16/10/2019 18:07:55,28591,1.2237991,0.2696249,0.9541742
34,1571245681234,10,Outbound,Sandyford,00:17:36,00:18:16,5032,a,16/10/2019 18:07:56,16/10/2019 18:07:57,16/10/2019 18:07:57,28592,1.3175519,1.1144246,0.2031273
27,1571245681238,10,Inbound,Parnell,00:02:30,00:03:10,5033,a,16/10/2019 18:07:56,16/10/2019 18:07:57,16/10/2019 18:07:57,28592,1.3175519,1.1144246,0.2031273
27,1571245681238,10,Inbound,Broombridge,00:08:01,00:08:41,5017,a,16/10/2019 18:07:54,16/10/2019 18:07:54,16/10/2019 18:07:55,28591,1.1925598,0.2696249,0.9229349
27,1571245681238,10,Inbound,Parnell,00:12:28,00:13:08,5005,a,16/10/2019 18:07:54,16/10/2019 18:07:54,16/10/2019 18:07:54,28590,0.9425442,0.2071265,0.7354177
27,1571245681238,10,Inbound,Broombridge,00:16:51,00:17:31,5011,a,16/10/2019 18:07:54,16/10/2019 18:07:54,16/10/2019 18:07:55,28591,1.0675473,0.2540018,0.8135455
27,1571245681238,10,Outbound,Bride's Glen,00:00:30,00:01:10,5019,a,16/10/2019 18:07:54,16/10/2019 18:07:54,16/10/2019 18:07:55,28591,1.2081683,0.2696249,0.9385434
27,1571245681238,10,Outbound,Sandyford,00:03:59,00:04:39,5032,a,16/10/2019 18:07:56,16/10/2019 18:07:57,16/10/2019 18:07:57,28592,1.2863013,1.1144246,0.1718767
27,1571245681238,10,Outbound,Bride's Glen,00:08:16,00:08:56,5016,a,16/10/2019 18:07:54,16/10/2019 18:07:54,16/10/2019 18:07:55,28591,1.1612978,0.2540018,0.907296
27,1571245681238,10,Outbound,Sandyford,00:09:54,00:10:34,5026,a,16/10/2019 18:07:56,16/10/2019 18:07:57,16/10/2019 18:07:57,28592,1.1459821,1.1144246,0.0315575
27,1571245681238,10,Outbound,Bride's Glen,00:13:12,00:13:52,5029,a,16/10/2019 18:07:56,16/10/2019 18:07:57,16/10/2019 18:07:57,28592,1.2394256,1.1144246,0.125001
27,1571245681238,10,Outbound,Sandyford,00:18:12,00:18:52,5028,a,16/10/2019 18:07:56,16/10/2019 18:07:57,16/10/2019 18:07:57,28592,1.2238003,1.1144246,0.1093757
21,1571245681241,10,Inbound,The Point,00:00:00,00:00:00,3002,a,16/10/2019 18:07:54,16/10/2019 18:07:54,16/10/2019 18:07:54,28588,0.0821261,0.0508791,0.031247
21,1571245681241,10,Inbound,Connolly,00:03:45,00:04:25,3018,a,16/10/2019 18:07:54,16/10/2019 18:07:54,16/10/2019 18:07:54,28589,0.4102526,0.1602712,0.2499814
21,1571245681241,10,Inbound,The Point,00:05:11,00:05:51,3025,a,16/10/2019 18:07:54,16/10/2019 18:07:54,16/10/2019 18:07:54,28589,0.5352524,0.1758777,0.3593747
21,1571245681241,10,Inbound,The Point,00:12:33,00:13:13,4003,a,16/10/2019 18:07:54,16/10/2019 18:07:54,16/10/2019 18:07:54,28589,0.6456544,0.1758777,0.4697767
21,1571245681241,10,Inbound,Connolly,00:13:35,00:14:15,3001,a,16/10/2019 18:07:54,16/10/2019 18:07:54,16/10/2019 18:07:54,28588,0.0821261,0.0508791,0.031247
21,1571245681241,10,Inbound,The Point,00:18:41,00:19:21,4008,a,16/10/2019 18:07:59,16/10/2019 18:07:59,16/10/2019 18:07:59,28593,0.9581774,0.9112959,0.0468815
21,1571245681241,10,Outbound,Saggart,00:00:35,00:01:15,3021,a,16/10/2019 18:07:54,16/10/2019 18:07:54,16/10/2019 18:07:54,28589,0.4571283,0.1602712,0.2968571
21,1571245681241,10,Outbound,Tallaght,00:06:52,00:07:32,4002,a,16/10/2019 18:07:54,16/10/2019 18:07:54,16/10/2019 18:07:54,28589,0.6139124,0.1758777,0.4380347
21,1571245681241,10,Outbound,Saggart,00:08:18,00:08:58,3013,a,16/10/2019 18:07:54,16/10/2019 18:07:54,16/10/2019 18:07:54,28588,0.2696249,0.0668221,0.2028028
21,1571245681241,10,Outbound,Tallaght,00:14:45,00:15:25,3018,a,16/10/2019 18:07:54,16/10/2019 18:07:54,16/10/2019 18:07:54,28589,0.4258762,0.1602712,0.265605
17,1571245681248,10,Inbound,The Point,00:03:57,00:04:37,4003,a,16/10/2019 18:07:54,16/10/2019 18:07:54,16/10/2019 18:07:54,28589,0.6295376,0.1758777,0.4536599
17,1571245681248,10,Inbound,Connolly,00:04:29,00:05:09,3001,a,16/10/2019 18:07:54,16/10/2019 18:07:54,16/10/2019 18:07:54,28588,0.0668221,0.0508791,0.015943
17,1571245681248,10,Inbound,The Point,00:10:05,00:10:45,4008,a,16/10/2019 18:07:59,16/10/2019 18:07:59,16/10/2019 18:07:59,28593,0.9425545,0.9112959,0.0312586
17,1571245681248,10,Inbound,The Point,00:18:19,00:18:59,3012,a,16/10/2019 18:07:54,16/10/2019 18:07:54,16/10/2019 18:07:54,28588,0.2540018,0.0668221,0.1871797
17,1571245681248,10,Inbound,Connolly,00:19:16,00:19:56,3015,a,16/10/2019 18:07:54,16/10/2019 18:07:54,16/10/2019 18:07:54,28588,0.3477869,0.0668221,0.2809648
17,1571245681248,10,Outbound,Saggart,00:04:55,00:05:35,3026,a,16/10/2019 18:07:54,16/10/2019 18:07:54,16/10/2019 18:07:54,28589,0.5508847,0.1758777,0.375007
17,1571245681248,10,Outbound,Tallaght,00:07:43,00:08:23,4006,a,16/10/2019 18:07:54,16/10/2019 18:07:54,16/10/2019 18:07:54,28589,0.6925475,0.1758777,0.5166698
17,1571245681248,10,Outbound,Saggart,00:09:54,00:10:34,3021,a,16/10/2019 18:07:54,16/10/2019 18:07:54,16/10/2019 18:07:54,28589,0.4727512,0.1602712,0.31248
17,1571245681248,10,Outbound,Tallaght,00:15:39,00:16:19,4002,a,16/10/2019 18:07:54,16/10/2019 18:07:54,16/10/2019 18:07:54,28589,0.6295376,0.1758777,0.4536599
17,1571245681248,10,Outbound,Saggart,00:17:05,00:17:45,3013,a,16/10/2019 18:07:54,16/10/2019 18:07:54,16/10/2019 18:07:54,28588,0.2696249,0.0668221,0.2028028
24,1571245681252,11,Inbound,Broombridge,00:01:10,00:01:50,5024,a,16/10/2019 18:07:54,16/10/2019 18:07:54,16/10/2019 18:07:55,28591,1.3331717,0.2696249,1.0635468
24,1571245681252,11,Inbound,Parnell,00:02:26,00:03:06,5013,a,16/10/2019 18:07:54,16/10/2019 18:07:54,16/10/2019 18:07:55,28591,1.1144226,0.2540018,0.8604208
24,1571245681252,11,Inbound,Broombridge,00:06:08,00:06:48,5021,a,16/10/2019 18:07:54,16/10/2019 18:07:54,16/10/2019 18:07:55,28591,1.2706702,0.2696249,1.0010453
24,1571245681252,11,Inbound,Parnell,00:09:47,00:10:27,5033,a,16/10/2019 18:07:56,16/10/2019 18:07:57,16/10/2019 18:07:57,28592,1.3331749,1.1144246,0.2187503
24,1571245681252,11,Inbound,Broombridge,00:15:18,00:15:58,5017,a,16/10/2019 18:07:54,16/10/2019 18:07:54,16/10/2019 18:07:55,28591,1.1925598,0.2696249,0.9229349
24,1571245681252,11,Outbound,Bride's Glen,00:01:24,00:02:04,5016,a,16/10/2019 18:07:54,16/10/2019 18:07:54,16/10/2019 18:07:55,28591,1.1456688,0.2540018,0.891667
24,1571245681252,11,Outbound,Sandyford,00:03:02,00:03:42,5026,a,16/10/2019 18:07:56,16/10/2019 18:07:57,16/10/2019 18:07:57,28592,1.1300461,1.1144246,0.0156215
24,1571245681252,11,Outbound,Bride's Glen,00:06:20,00:07:00,5029,a,16/10/2019 18:07:56,16/10/2019 18:07:57,16/10/2019 18:07:57,28592,1.2238003,1.1144246,0.1093757
24,1571245681252,11,Outbound,Sandyford,00:11:20,00:12:00,5028,a,16/10/2019 18:07:56,16/10/2019 18:07:57,16/10/2019 18:07:57,28592,1.2081741,1.1144246,0.0937495
24,1571245681252,11,Outbound,Bride's Glen,00:15:27,00:16:07,5008,a,16/10/2019 18:07:54,16/10/2019 18:07:54,16/10/2019 18:07:54,28590,0.973794,0.2071265,0.7666675
24,1571245681252,11,Outbound,Sandyford,00:18:35,00:19:15,5020,a,16/10/2019 18:07:56,16/10/2019 18:07:57,16/10/2019 18:07:57,28592,1.4269227,1.1300461,0.2968766
31,1571245681258,11,Inbound,Broombridge,00:00:34,00:01:14,5017,a,16/10/2019 18:07:54,16/10/2019 18:07:54,16/10/2019 18:07:55,28591,1.1769197,0.2540018,0.9229179
31,1571245681258,11,Inbound,Parnell,00:05:01,00:05:41,5005,a,16/10/2019 18:07:54,16/10/2019 18:07:54,16/10/2019 18:07:54,28590,0.9269223,0.2071265,0.7197958
31,1571245681258,11,Inbound,Broombridge,00:09:24,00:10:04,5011,a,16/10/2019 18:07:54,16/10/2019 18:07:54,16/10/2019 18:07:55,28590,1.0675473,0.2071265,0.8604208
31,1571245681258,11,Inbound,Parnell,00:12:43,00:13:23,5010,a,16/10/2019 18:07:54,16/10/2019 18:07:54,16/10/2019 18:07:55,28590,1.0363024,0.2071265,0.8291759
31,1571245681258,11,Inbound,Broombridge,00:17:37,00:18:17,5025,a,16/10/2019 18:07:59,16/10/2019 18:07:59,16/10/2019 18:07:59,28593,0.9894258,0.9112959,0.0781299
31,1571245681258,11,Inbound,Parnell,00:18:59,00:19:39,5003,a,16/10/2019 18:07:54,16/10/2019 18:07:54,16/10/2019 18:07:54,28590,0.9112966,0.2071265,0.7041701
31,1571245681258,11,Outbound,Sandyford,00:00:00,00:00:00,5006,a,16/10/2019 18:07:50,16/10/2019 18:07:49,16/10/2019 18:07:50,28586,0.0196384,-0.0116185,0.0312569
31,1571245681258,11,Outbound,Bride's Glen,00:08:24,00:09:04,5019,a,16/10/2019 18:07:54,16/10/2019 18:07:54,16/10/2019 18:07:55,28591,1.2237991,0.2696249,0.9541742
31,1571245681258,11,Outbound,Sandyford,00:11:53,00:12:33,5032,a,16/10/2019 18:07:56,16/10/2019 18:07:57,16/10/2019 18:07:57,28592,1.3019254,1.1144246,0.1875008
31,1571245681258,11,Outbound,Bride's Glen,00:16:10,00:16:50,5016,a,16/10/2019 18:07:54,16/10/2019 18:07:54,16/10/2019 18:07:55,28591,1.1769197,0.2540018,0.9229179
31,1571245681258,11,Outbound,Sandyford,00:17:48,00:18:28,5026,a,16/10/2019 18:07:56,16/10/2019 18:07:57,16/10/2019 18:07:57,28592,1.1613007,1.1144246,0.0468761
15,1571245681266,10,Inbound,Connolly,00:00:26,00:01:06,3001,a,16/10/2019 18:07:54,16/10/2019 18:07:54,16/10/2019 18:07:54,28588,0.0668221,0.0508791,0.015943
15,1571245681266,10,Inbound,The Point,00:04:59,00:05:39,4008,a,16/10/2019 18:07:59,16/10/2019 18:07:59,16/10/2019 18:07:59,28593,0.9425545,0.9112959,0.0312586
15,1571245681266,10,Inbound,The Point,00:13:13,00:13:53,3012,a,16/10/2019 18:07:54,16/10/2019 18:07:54,16/10/2019 18:07:54,28588,0.2383774,0.0668221,0.1715553
15,1571245681266,10,Inbound,Connolly,00:15:09,00:15:49,3015,a,16/10/2019 18:07:54,16/10/2019 18:07:54,16/10/2019 18:07:54,28588,0.3321349,0.0668221,0.2653128
15,1571245681266,10,Inbound,The Point,00:18:49,00:19:29,3016,a,16/10/2019 18:07:54,16/10/2019 18:07:54,16/10/2019 18:07:54,28588,0.378999,0.0668221,0.3121769
15,1571245681266,10,Outbound,Saggart,00:00:00,00:00:00,3008,a,16/10/2019 18:07:50,16/10/2019 18:07:49,16/10/2019 18:07:49,28586,-0.0116185,-0.0116185,0
15,1571245681266,10,Outbound,Tallaght,00:02:02,00:02:42,3009,a,16/10/2019 18:07:54,16/10/2019 18:07:54,16/10/2019 18:07:54,28588,0.1602712,0.0668221,0.0934491
15,1571245681266,10,Outbound,Saggart,00:10:19,00:10:59,3026,a,16/10/2019 18:07:54,16/10/2019 18:07:54,16/10/2019 18:07:54,28589,0.5508847,0.1758777,0.375007
15,1571245681266,10,Outbound,Tallaght,00:13:07,00:13:47,4006,a,16/10/2019 18:07:54,16/10/2019 18:07:54,16/10/2019 18:07:54,28589,0.7081722,0.1758777,0.5322945
15,1571245681266,10,Outbound,Saggart,00:14:46,00:15:26,3021,a,16/10/2019 18:07:54,16/10/2019 18:07:54,16/10/2019 18:07:54,28589,0.4883734,0.1602712,0.3281022
22,1571245681274,11,Inbound,The Point,00:02:32,00:03:12,4004,a,16/10/2019 18:07:54,16/10/2019 18:07:54,16/10/2019 18:07:54,28589,0.6612849,0.1758777,0.4854072
22,1571245681274,11,Inbound,The Point,00:03:01,00:03:41,3002,a,16/10/2019 18:07:54,16/10/2019 18:07:54,16/10/2019 18:07:54,28588,0.0977528,0.0508791,0.0468737
22,1571245681274,11,Inbound,Connolly,00:07:41,00:08:21,3018,a,16/10/2019 18:07:54,16/10/2019 18:07:54,16/10/2019 18:07:54,28589,0.4102526,0.1602712,0.2499814
22,1571245681274,11,Inbound,The Point,00:08:52,00:09:32,3025,a,16/10/2019 18:07:54,16/10/2019 18:07:54,16/10/2019 18:07:54,28589,0.5352524,0.1758777,0.3593747
22,1571245681274,11,Inbound,The Point,00:16:14,00:16:54,4003,a,16/10/2019 18:07:54,16/10/2019 18:07:54,16/10/2019 18:07:54,28589,0.6456544,0.1758777,0.4697767
22,1571245681274,11,Inbound,Connolly,00:17:13,00:17:53,3001,a,16/10/2019 18:07:54,16/10/2019 18:07:54,16/10/2019 18:07:54,28588,0.0821261,0.0508791,0.031247
22,1571245681274,11,Outbound,Tallaght,00:03:24,00:04:04,4002,a,16/10/2019 18:07:54,16/10/2019 18:07:54,16/10/2019 18:07:54,28589,0.6139124,0.1758777,0.4380347
22,1571245681274,11,Outbound,Saggart,00:04:50,00:05:30,3013,a,16/10/2019 18:07:54,16/10/2019 18:07:54,16/10/2019 18:07:54,28588,0.2540018,0.0668221,0.1871797
22,1571245681274,11,Outbound,Tallaght,00:11:26,00:12:06,3018,a,16/10/2019 18:07:54,16/10/2019 18:07:54,16/10/2019 18:07:54,28589,0.4258762,0.1602712,0.265605
22,1571245681274,11,Outbound,Saggart,00:17:53,00:18:33,4004,a,16/10/2019 18:07:54,16/10/2019 18:07:54,16/10/2019 18:07:54,28589,0.6769213,0.1758777,0.5010436
22,1571245681274,11,Outbound,Tallaght,00:18:22,00:19:02,3002,a,16/10/2019 18:07:54,16/10/2019 18:07:54,16/10/2019 18:07:54,28588,0.1133842,0.0508791,0.0625051
29,1571245681279,10,Inbound,Parnell,00:00:00,00:00:00,5033,a,16/10/2019 18:07:43,16/10/2019 18:07:43,16/10/2019 18:07:43,28580,0.0656165,0.0656165,0
29,1571245681279,10,Inbound,Broombridge,00:04:37,00:05:17,5017,a,16/10/2019 18:07:54,16/10/2019 18:07:54,16/10/2019 18:07:55,28591,1.1769197,0.2540018,0.9229179
29,1571245681279,10,Inbound,Parnell,00:09:04,00:09:44,5005,a,16/10/2019 18:07:54,16/10/2019 18:07:54,16/10/2019 18:07:54,28590,0.9269223,0.2071265,0.7197958
29,1571245681279,10,Inbound,Broombridge,00:13:27,00:14:07,5011,a,16/10/2019 18:07:54,16/10/2019 18:07:54,16/10/2019 18:07:55,28591,1.0675473,0.2540018,0.8135455
29,1571245681279,10,Inbound,Parnell,00:16:46,00:17:26,5010,a,16/10/2019 18:07:54,16/10/2019 18:07:54,16/10/2019 18:07:55,28590,1.0363024,0.2071265,0.8291759
29,1571245681279,10,Outbound,Bride's Glen,00:04:19,00:04:59,5019,a,16/10/2019 18:07:54,16/10/2019 18:07:54,16/10/2019 18:07:55,28591,1.2081683,0.2696249,0.9385434
29,1571245681279,10,Outbound,Sandyford,00:07:48,00:08:28,5032,a,16/10/2019 18:07:56,16/10/2019 18:07:57,16/10/2019 18:07:57,28592,1.3019254,1.1144246,0.1875008
29,1571245681279,10,Outbound,Bride's Glen,00:12:05,00:12:45,5016,a,16/10/2019 18:07:54,16/10/2019 18:07:54,16/10/2019 18:07:55,28591,1.1612978,0.2540018,0.907296
29,1571245681279,10,Outbound,Sandyford,00:13:43,00:14:23,5026,a,16/10/2019 18:07:56,16/10/2019 18:07:57,16/10/2019 18:07:57,28592,1.1459821,1.1144246,0.0315575
29,1571245681279,10,Outbound,Bride's Glen,00:17:01,00:17:41,5029,a,16/10/2019 18:07:56,16/10/2019 18:07:57,16/10/2019 18:07:57,28592,1.2550494,1.1144246,0.1406248
